previous_score,attendance,assignments_completed,study_hours,class_participation,failures,sleep_hours,screen_time,physical_activity,travel_time,internet_access,school_type,final_score
64.5,80.4,6,4.1,3,0,10.0,8.0,2,Under 15 min,Yes,Public,69
68.6,88.4,8,3.2,4,1,7.3,2.7,4,Under 15 min,Yes,Private,78
64.3,85.1,9,3.9,4,0,6.0,1.1,2,15-30 min,Yes,Public,75
62.8,87.5,8,1.5,2,0,7.5,1.6,3,Under 15 min,Yes,Private,74
86.6,86.2,6,6.0,3,0,6.8,3.3,3,Under 15 min,Yes,Private,87
64.8,75.5,9,2.4,4,0,6.9,3.0,1,15-30 min,Yes,Public,70
73.0,93.6,7,7.1,3,1,6.8,1.9,2,15-30 min,Yes,Public,78
62.6,81.9,7,3.8,4,0,6.9,3.8,0,15-30 min,Yes,Public,69
74.5,95.2,9,8.5,2,4,7.1,8.2,1,Under 15 min,Yes,Private,65
62.7,83.6,8,1.8,2,0,8.2,2.0,4,Under 15 min,Yes,Public,67
84.3,95.1,6,3.6,3,0,8.2,4.9,2,Over 60 min,Yes,Public,77
83.7,90.6,9,1.6,4,0,6.9,4.7,5,30-60 min,No,Public,75
49.7,86.1,7,4.4,3,2,8.2,4.8,3,15-30 min,Yes,Public,57
61.7,71.6,10,6.6,4,2,8.7,2.8,3,15-30 min,Yes,Private,71
68.7,80.1,7,3.5,1,1,8.4,1.0,2,Under 15 min,Yes,Private,71
57.2,94.7,6,10.0,3,3,7.2,7.3,3,30-60 min,Yes,Public,64
59.4,79.4,9,3.1,1,4,7.2,3.9,4,Under 15 min,Yes,Private,50
72.9,88.8,6,3.2,3,1,5.6,4.9,2,Under 15 min,Yes,Private,70
77.0,92.8,8,7.9,3,0,7.2,1.0,1,30-60 min,Yes,Public,85
43.0,89.6,6,3.4,1,0,6.2,10.0,3,Under 15 min,Yes,Public,52
69.4,85.8,6,2.0,1,0,7.9,6.8,3,30-60 min,Yes,Public,61
80.3,94.7,8,1.0,2,0,5.4,3.1,3,Over 60 min,Yes,Public,72
45.3,80.0,8,1.6,4,0,7.2,6.6,3,Under 15 min,Yes,Public,59
46.8,98.9,7,2.6,1,1,7.8,1.5,3,Under 15 min,Yes,Public,59
66.0,86.9,6,4.4,4,1,5.6,5.0,3,15-30 min,Yes,Public,64
75.8,88.8,9,5.9,3,0,5.4,1.3,3,Under 15 min,Yes,Public,84
40.0,96.8,8,3.5,4,0,7.4,2.6,3,Under 15 min,Yes,Private,69
71.7,97.6,8,2.4,5,0,8.3,1.4,1,Under 15 min,Yes,Public,76
70.3,80.8,8,7.7,2,0,5.7,2.6,3,15-30 min,Yes,Private,76
57.7,89.8,8,5.4,1,0,7.6,2.0,3,15-30 min,Yes,Public,70
62.3,86.6,7,3.4,2,0,5.5,7.7,3,15-30 min,Yes,Public,67
56.0,97.6,8,2.6,5,0,7.6,10.0,3,Under 15 min,Yes,Private,75
56.5,78.5,8,6.8,3,0,7.7,3.1,1,Over 60 min,Yes,Private,67
41.5,77.9,6,5.7,3,0,6.5,9.5,1,Over 60 min,Yes,Public,53
55.3,85.8,5,7.1,4,1,6.1,1.0,3,15-30 min,Yes,Public,66
90.2,90.5,9,5.1,5,2,6.9,1.3,2,15-30 min,Yes,Private,83
70.6,96.6,7,2.0,4,0,7.2,2.9,3,Over 60 min,Yes,Private,75
76.5,78.6,10,3.2,5,0,6.4,1.8,2,30-60 min,No,Public,76
70.6,89.2,9,2.5,4,0,6.9,6.3,4,15-30 min,Yes,Public,75
59.9,82.8,9,4.0,3,0,6.7,2.7,4,Over 60 min,Yes,Private,72
86.3,92.7,8,2.7,5,0,7.4,4.2,3,Under 15 min,Yes,Private,87
51.5,97.4,9,7.6,3,0,7.5,5.9,3,15-30 min,Yes,Public,69
61.1,78.3,9,5.9,3,0,6.8,1.8,3,Over 60 min,Yes,Public,74
68.4,93.7,9,2.5,3,0,6.9,4.4,2,15-30 min,Yes,Private,77
83.3,87.5,9,5.4,4,0,8.4,4.0,3,15-30 min,Yes,Public,83
67.1,83.3,9,2.4,3,4,6.7,2.7,3,Over 60 min,No,Private,50
53.8,69.9,10,1.6,4,1,5.8,1.6,3,15-30 min,No,Public,51
64.4,74.4,9,3.2,1,0,7.4,6.6,3,30-60 min,No,Public,62
58.3,97.5,9,2.5,4,0,6.2,10.0,2,30-60 min,No,Private,69
66.2,96.8,7,5.7,2,3,6.6,2.5,2,Under 15 min,Yes,Private,63
85.7,90.2,6,7.1,1,1,5.6,3.4,3,15-30 min,Yes,Public,82
43.5,88.9,6,5.9,1,0,6.5,2.5,2,15-30 min,Yes,Public,65
48.1,89.7,10,6.6,3,1,6.5,1.4,2,Under 15 min,Yes,Private,66
84.6,93.2,8,6.9,3,0,6.8,2.3,2,30-60 min,Yes,Private,86
66.6,85.5,7,2.1,3,0,7.1,4.8,0,15-30 min,No,Public,68
93.1,92.2,9,1.0,1,0,6.4,1.8,2,15-30 min,No,Public,75
77.0,84.7,8,3.6,4,1,8.9,10.0,4,Under 15 min,Yes,Public,71
75.3,86.2,9,7.7,4,0,6.2,1.9,2,30-60 min,Yes,Public,83
69.6,59.5,5,3.3,4,0,7.5,7.4,1,15-30 min,Yes,Public,63
65.2,91.3,8,3.9,3,1,7.0,3.5,2,15-30 min,Yes,Public,69
56.3,89.2,9,5.4,2,0,6.8,4.6,4,30-60 min,Yes,Public,71
65.3,91.7,8,3.1,1,0,6.9,5.7,3,Under 15 min,Yes,Public,73
71.1,91.4,7,5.8,5,0,6.2,1.6,2,Under 15 min,No,Private,82
87.6,95.1,8,4.2,5,0,7.5,10.0,2,30-60 min,No,Public,85
64.5,86.4,8,4.7,4,0,6.5,3.2,2,15-30 min,Yes,Public,73
75.9,93.3,6,6.0,5,0,7.7,2.0,3,15-30 min,Yes,Public,86
68.3,85.3,7,3.3,2,0,5.5,4.5,3,30-60 min,Yes,Private,67
57.9,95.4,7,1.4,3,5,5.4,5.3,4,Under 15 min,Yes,Public,45
86.4,73.7,6,7.6,2,0,7.0,1.0,3,Under 15 min,Yes,Public,82
60.8,90.1,8,10.0,2,0,6.3,2.2,5,Under 15 min,No,Private,79
67.9,96.3,10,2.8,3,0,5.7,9.2,4,15-30 min,Yes,Public,70
81.7,95.7,8,1.1,4,0,7.5,1.0,2,Under 15 min,No,Private,78
72.4,84.6,10,2.5,4,2,6.7,7.4,3,30-60 min,Yes,Public,63
52.9,91.8,8,1.5,4,3,8.5,6.9,3,15-30 min,Yes,Public,52
74.8,80.2,9,10.0,2,1,6.4,2.1,4,Under 15 min,Yes,Public,78
74.5,98.4,9,10.0,5,4,8.0,1.2,4,Under 15 min,No,Public,72
57.4,81.8,10,10.0,3,0,7.1,1.2,2,30-60 min,Yes,Public,75
84.3,85.7,10,6.3,4,4,7.4,4.4,2,Under 15 min,Yes,Public,63
72.3,94.5,10,10.0,4,3,7.2,5.9,4,Under 15 min,Yes,Public,78
75.3,91.5,9,2.0,5,0,7.3,1.0,2,15-30 min,Yes,Private,86
57.8,74.6,8,7.6,3,1,5.9,1.0,4,15-30 min,No,Public,67
76.2,96.9,9,2.2,3,0,7.7,6.3,4,Under 15 min,Yes,Private,81
78.2,85.2,7,2.5,2,1,7.6,3.6,3,15-30 min,Yes,Public,71
65.5,76.2,7,4.3,1,0,7.0,3.1,5,Over 60 min,Yes,Public,65
81.6,76.8,8,5.9,4,0,8.8,3.2,1,15-30 min,Yes,Private,83
69.8,79.5,9,7.3,1,0,9.3,3.8,4,30-60 min,Yes,Public,74
58.1,73.9,9,3.6,4,0,6.3,1.4,3,30-60 min,Yes,Private,70
55.3,96.1,7,1.1,3,3,6.7,2.2,2,Under 15 min,Yes,Private,53
55.1,89.5,9,2.8,3,0,7.7,3.4,1,Under 15 min,Yes,Public,66
65.1,97.8,9,7.6,2,0,7.6,3.6,2,Under 15 min,Yes,Private,80
49.7,76.2,8,8.4,3,0,7.6,10.0,2,15-30 min,Yes,Private,74
67.5,95.9,8,1.5,5,1,6.2,1.6,1,Under 15 min,Yes,Public,73
90.9,75.4,6,2.1,4,0,7.9,5.9,2,30-60 min,Yes,Private,79
66.7,90.6,8,6.1,4,0,7.5,3.5,1,15-30 min,Yes,Public,83
66.7,85.9,9,4.2,3,0,7.1,1.0,2,Over 60 min,Yes,Private,76
61.6,91.6,8,3.6,4,0,7.4,5.3,1,15-30 min,Yes,Public,72
62.0,98.3,9,5.7,2,0,8.4,3.4,4,15-30 min,Yes,Public,78
80.7,81.0,8,4.3,3,0,7.9,2.8,1,Under 15 min,Yes,Public,77
77.2,92.4,7,2.8,4,0,6.0,4.2,3,Under 15 min,Yes,Public,72
59.4,98.7,8,6.5,4,1,8.2,3.5,1,15-30 min,Yes,Private,80
54.4,85.2,10,5.0,5,0,4.4,6.6,0,15-30 min,Yes,Private,71
72.6,81.9,9,3.2,3,2,7.0,1.5,4,30-60 min,Yes,Public,65
48.7,96.3,10,7.4,4,1,6.2,1.0,4,30-60 min,Yes,Public,68
65.0,93.8,8,1.9,4,2,6.0,6.9,2,15-30 min,Yes,Private,62
67.1,89.9,8,2.7,4,0,7.3,1.8,2,Over 60 min,Yes,Public,72
70.9,94.4,10,5.8,5,0,7.0,1.2,3,15-30 min,No,Public,83
79.7,93.9,8,9.1,3,0,6.9,1.0,3,Under 15 min,Yes,Private,94
70.8,87.2,8,3.4,5,1,7.8,1.0,2,15-30 min,Yes,Private,77
73.3,90.8,6,4.1,1,0,7.4,2.4,3,Under 15 min,Yes,Public,70
55.9,88.9,10,1.6,5,0,7.4,3.1,2,15-30 min,Yes,Public,69
80.5,89.8,6,1.7,4,0,6.6,6.7,1,15-30 min,Yes,Public,75
75.7,95.4,7,2.6,4,2,6.0,2.0,3,30-60 min,Yes,Public,67
63.0,89.9,8,10.0,4,3,6.7,2.4,2,Under 15 min,Yes,Public,73
89.1,95.5,8,3.7,2,2,6.9,1.4,0,15-30 min,No,Private,71
61.8,97.6,8,5.3,2,1,7.7,7.5,5,Under 15 min,Yes,Public,65
74.0,91.6,8,8.5,3,0,8.1,1.3,2,Under 15 min,Yes,Private,85
59.4,91.2,9,2.1,4,2,7.0,2.0,4,Under 15 min,No,Private,63
78.3,84.1,9,8.2,4,0,7.9,3.8,2,15-30 min,Yes,Public,87
61.5,98.3,8,2.0,5,2,7.2,1.0,2,Under 15 min,Yes,Public,75
79.4,96.5,6,1.7,2,0,6.4,5.1,4,30-60 min,Yes,Public,74
44.1,91.0,8,2.6,3,0,6.7,6.3,3,30-60 min,Yes,Public,60
74.3,96.9,7,5.7,5,0,6.2,2.9,4,15-30 min,No,Public,78
77.0,96.3,6,4.1,5,0,7.0,3.2,2,Over 60 min,Yes,Public,77
68.7,82.5,9,10.0,4,0,7.4,2.9,4,Under 15 min,Yes,Public,81
65.0,93.1,9,1.8,5,0,6.6,1.9,5,Under 15 min,No,Public,69
60.9,95.8,9,8.0,3,0,8.5,6.1,3,Under 15 min,Yes,Private,83
70.9,98.6,8,6.0,3,1,7.7,1.8,3,Under 15 min,Yes,Public,76
50.9,94.4,8,3.8,3,0,6.2,1.2,3,Under 15 min,Yes,Public,69
66.8,92.6,7,3.3,1,0,6.3,3.1,1,Under 15 min,Yes,Public,72
73.7,97.6,9,2.6,3,0,6.7,1.8,1,15-30 min,Yes,Public,76
51.1,80.9,7,5.3,5,0,7.0,1.0,3,15-30 min,Yes,Public,72
81.2,90.3,9,3.5,1,0,6.7,2.0,4,15-30 min,No,Public,76
51.8,89.5,8,4.4,4,0,6.3,6.0,2,15-30 min,Yes,Public,67
81.1,75.5,7,3.0,3,0,5.3,1.8,1,Under 15 min,Yes,Public,73
74.0,88.6,8,2.5,3,0,8.8,4.6,2,Over 60 min,No,Public,68
76.2,83.5,9,7.3,4,0,8.4,6.3,3,Under 15 min,Yes,Public,88
52.6,97.5,9,7.7,1,0,7.9,8.1,2,Under 15 min,Yes,Public,70
65.6,89.9,8,2.8,1,0,6.7,1.8,2,Under 15 min,Yes,Public,69
51.4,89.5,8,4.8,3,0,7.4,1.8,4,30-60 min,Yes,Private,71
67.2,97.3,6,1.6,4,0,7.0,5.1,2,15-30 min,Yes,Private,77
71.7,85.8,7,1.7,3,0,6.5,1.4,3,Under 15 min,No,Public,66
62.6,76.4,8,5.2,4,0,6.6,7.2,2,15-30 min,Yes,Public,73
67.1,83.6,9,5.0,5,0,7.3,1.2,2,Over 60 min,Yes,Public,74
94.3,90.0,9,3.9,4,0,7.7,3.0,2,15-30 min,Yes,Private,91
82.2,86.9,7,2.2,3,1,7.0,2.5,2,15-30 min,Yes,Public,75
92.7,87.1,8,3.2,1,0,6.4,2.3,4,30-60 min,Yes,Public,82
82.0,60.9,8,1.0,4,1,5.9,1.0,3,Under 15 min,Yes,Public,63
83.3,78.8,8,3.5,4,1,5.4,1.0,2,Under 15 min,Yes,Public,72
69.2,93.2,10,3.4,3,0,6.3,3.1,3,Under 15 min,Yes,Public,80
61.2,99.4,5,5.4,1,1,5.9,4.7,1,Under 15 min,Yes,Public,64
57.7,79.0,6,4.1,4,0,8.3,3.9,1,Under 15 min,Yes,Public,65
56.2,85.8,8,1.2,4,0,7.7,2.8,4,30-60 min,Yes,Public,64
75.8,79.4,9,5.1,4,1,8.2,1.9,2,15-30 min,Yes,Public,74
60.3,91.4,7,3.9,3,0,6.3,8.6,2,Over 60 min,No,Public,64
62.1,84.9,8,4.9,3,0,6.2,2.4,4,30-60 min,Yes,Public,69
68.8,89.9,9,1.1,3,0,5.5,5.0,2,Over 60 min,Yes,Public,69
58.1,69.4,7,5.0,4,0,7.6,1.4,5,Under 15 min,No,Public,68
75.7,79.1,10,10.0,3,1,5.7,1.7,2,30-60 min,Yes,Private,78
81.9,83.3,9,2.2,1,0,6.8,4.9,2,Over 60 min,No,Public,71
71.1,86.4,7,1.9,5,0,6.0,1.6,2,Under 15 min,Yes,Public,75
79.7,88.8,9,10.0,3,4,4.3,2.8,3,Under 15 min,No,Public,69
72.1,66.8,8,6.0,3,0,6.9,2.2,3,Under 15 min,Yes,Public,74
86.6,67.4,9,4.5,4,0,7.6,2.7,3,15-30 min,Yes,Public,80
67.2,90.4,10,7.0,2,1,6.6,6.9,4,Under 15 min,Yes,Public,78
79.6,78.0,9,3.9,3,0,6.9,6.3,2,Under 15 min,No,Public,77
60.8,75.6,8,4.2,4,0,7.5,5.8,2,Under 15 min,Yes,Public,72
79.7,76.7,10,4.0,3,1,6.5,10.0,4,15-30 min,Yes,Private,75
53.1,89.1,8,5.2,3,0,6.8,2.1,3,30-60 min,Yes,Private,72
79.4,89.6,6,5.9,4,0,7.4,10.0,4,30-60 min,Yes,Public,79
60.4,95.9,9,4.8,3,1,7.2,1.9,1,Under 15 min,Yes,Public,64
59.0,95.5,9,4.9,4,0,8.3,5.6,1,Under 15 min,No,Public,72
75.3,98.7,9,7.4,4,0,6.0,2.9,3,Over 60 min,Yes,Public,82
70.7,86.5,8,1.3,3,0,7.0,1.0,2,30-60 min,Yes,Public,72
72.1,78.0,8,3.1,1,5,8.3,4.0,4,Under 15 min,Yes,Public,45
87.0,95.0,8,2.3,4,0,7.1,1.1,5,30-60 min,Yes,Public,83
59.3,96.7,8,1.8,3,0,6.3,3.1,2,Under 15 min,Yes,Public,66
100.0,97.2,5,5.9,3,0,6.4,6.5,3,15-30 min,Yes,Public,85
86.8,92.7,7,4.1,4,3,7.6,4.8,2,30-60 min,Yes,Public,71
64.3,97.6,7,2.4,1,0,7.6,5.1,4,15-30 min,Yes,Public,66
70.4,90.6,7,2.2,3,2,8.3,2.2,3,30-60 min,Yes,Private,67
60.1,82.2,8,2.6,4,0,7.7,4.4,2,Under 15 min,No,Public,66
77.4,93.6,7,3.1,4,0,8.3,2.7,3,Over 60 min,Yes,Public,79
71.3,79.8,8,7.3,4,0,6.9,1.2,3,Under 15 min,Yes,Public,80
93.7,95.1,10,7.9,3,0,7.1,1.4,3,Under 15 min,Yes,Private,99
95.8,97.5,10,1.9,3,0,4.9,1.7,1,Under 15 min,Yes,Private,93
59.6,89.3,6,1.0,1,0,7.1,7.2,1,30-60 min,Yes,Private,62
79.1,89.4,7,3.0,2,0,7.1,1.8,2,15-30 min,Yes,Public,73
55.3,96.2,7,8.2,4,1,6.8,3.1,1,15-30 min,No,Public,69
70.5,87.4,8,4.7,3,0,6.9,3.4,2,Under 15 min,Yes,Public,76
75.5,90.7,9,5.2,2,0,6.2,3.4,2,Under 15 min,Yes,Public,82
76.6,92.1,8,4.5,5,0,6.3,1.9,2,15-30 min,No,Public,79
70.1,96.7,9,6.4,4,0,5.7,4.2,3,Under 15 min,Yes,Public,77
71.9,72.8,9,4.0,4,0,8.7,1.1,3,Under 15 min,No,Private,76
71.1,94.4,8,5.0,3,0,7.9,10.0,2,30-60 min,Yes,Public,78
78.0,82.9,8,7.8,1,0,7.4,5.3,2,15-30 min,Yes,Public,77
57.9,90.6,9,3.6,2,0,6.5,4.8,1,30-60 min,Yes,Private,69
75.5,97.6,8,3.1,4,0,6.3,1.9,3,Under 15 min,Yes,Public,74
43.2,78.7,8,6.9,2,3,7.1,7.1,2,15-30 min,Yes,Public,47
70.2,95.2,9,9.2,4,0,6.7,1.6,3,15-30 min,Yes,Public,80
75.7,77.6,10,4.9,2,0,8.6,2.1,4,Under 15 min,Yes,Private,80
61.5,90.0,9,3.6,5,0,6.7,1.0,1,Under 15 min,Yes,Public,72
77.1,94.9,9,6.7,4,1,6.7,1.0,4,Under 15 min,Yes,Public,82
61.1,82.4,8,5.2,1,0,7.8,1.6,4,Under 15 min,Yes,Public,67
48.1,93.2,6,4.3,3,1,4.9,1.6,3,15-30 min,Yes,Public,61
73.8,78.4,5,3.4,3,0,7.5,4.2,3,15-30 min,Yes,Public,68
75.1,92.2,7,6.0,2,0,7.6,1.4,4,15-30 min,No,Public,79
61.3,94.4,9,8.2,4,0,5.3,3.6,3,Under 15 min,Yes,Public,80
73.0,89.4,7,8.9,4,0,6.9,1.3,1,Under 15 min,Yes,Public,87
63.4,97.7,9,2.7,2,0,6.1,4.5,1,30-60 min,Yes,Private,72
57.6,95.2,9,10.0,3,1,7.1,2.7,2,15-30 min,Yes,Private,81
74.0,71.9,8,1.0,3,0,6.0,2.3,4,15-30 min,Yes,Public,68
80.9,86.6,8,3.7,2,0,5.9,8.7,2,30-60 min,Yes,Public,73
52.0,89.8,9,2.3,3,2,7.6,7.4,3,15-30 min,No,Public,52
65.0,92.1,9,1.9,5,0,7.2,1.0,4,Under 15 min,Yes,Public,76
78.7,79.7,8,7.2,2,0,7.2,1.0,2,Under 15 min,Yes,Public,82
70.5,76.1,7,8.8,5,1,7.6,3.1,2,Under 15 min,Yes,Private,78
61.7,89.8,7,6.5,5,0,5.6,3.4,4,15-30 min,Yes,Private,75
56.0,86.2,6,6.8,5,1,6.3,2.7,4,15-30 min,Yes,Private,71
69.2,92.8,7,3.6,4,0,7.4,3.3,2,30-60 min,Yes,Public,75
56.7,79.1,5,2.7,4,5,5.7,1.6,3,Under 15 min,Yes,Private,45
57.1,95.6,9,1.0,2,0,6.5,1.7,4,15-30 min,Yes,Public,65
81.2,87.3,7,3.8,2,0,6.8,6.4,4,15-30 min,Yes,Public,72
70.4,84.8,9,1.0,4,0,7.5,2.9,2,30-60 min,Yes,Public,70
45.6,92.7,6,1.7,2,0,5.3,1.0,2,30-60 min,Yes,Public,57
76.6,98.5,8,7.7,3,0,7.1,1.5,2,30-60 min,Yes,Public,87
68.2,89.5,10,2.2,3,3,8.0,3.8,1,15-30 min,Yes,Public,63
61.8,83.4,10,7.6,4,0,7.4,1.8,3,Under 15 min,Yes,Public,81
65.8,97.0,6,3.2,4,1,7.1,9.8,1,Under 15 min,Yes,Private,70
52.5,83.7,8,2.2,4,0,7.3,1.0,1,15-30 min,Yes,Public,63
82.0,93.3,10,1.0,2,0,4.3,4.9,0,Over 60 min,No,Public,66
44.6,87.4,7,3.7,1,0,7.6,7.0,3,30-60 min,Yes,Public,57
74.2,89.4,9,2.2,1,3,7.1,9.1,3,30-60 min,Yes,Public,60
67.8,95.4,8,4.8,4,0,6.3,1.0,2,15-30 min,Yes,Public,80
66.7,90.7,8,3.2,2,0,8.0,2.4,2,30-60 min,Yes,Private,72
68.8,71.3,9,1.3,2,0,8.6,3.0,3,Under 15 min,Yes,Private,70
70.9,93.4,7,9.8,3,0,5.4,4.6,2,30-60 min,No,Public,79
55.1,83.2,8,5.4,3,2,6.9,3.3,3,15-30 min,Yes,Private,63
69.2,66.6,9,7.2,4,0,5.1,2.7,1,Under 15 min,Yes,Private,78
61.6,85.2,8,1.8,4,0,6.6,8.5,3,15-30 min,Yes,Private,68
69.6,90.2,9,2.3,4,2,7.8,5.9,4,15-30 min,No,Public,65
48.6,89.5,3,8.7,5,1,5.3,7.4,1,Under 15 min,Yes,Public,60
71.9,89.6,8,4.1,3,0,7.9,5.0,2,30-60 min,Yes,Private,77
69.5,87.1,8,3.7,2,1,6.5,5.2,1,15-30 min,Yes,Private,66
54.7,91.0,10,4.0,5,0,7.8,2.1,2,Under 15 min,Yes,Public,72
58.4,87.8,8,8.1,4,2,7.3,3.2,2,Under 15 min,Yes,Public,68
75.6,86.8,8,5.1,5,1,6.6,10.0,3,15-30 min,No,Public,70
62.9,83.6,10,1.0,2,0,8.2,6.3,3,30-60 min,Yes,Private,71
68.2,78.9,9,1.7,3,0,6.7,2.5,3,30-60 min,Yes,Private,71
69.3,98.2,9,2.4,3,0,5.2,1.1,3,15-30 min,Yes,Public,71
63.5,89.9,6,2.1,4,3,6.8,3.8,2,30-60 min,Yes,Private,52
71.0,92.8,8,5.9,1,0,6.0,5.4,3,Under 15 min,Yes,Public,80
59.2,81.2,9,4.1,5,0,8.5,2.4,0,Over 60 min,Yes,Public,69
90.0,82.8,9,2.4,3,2,6.0,2.7,1,15-30 min,Yes,Public,74
58.2,77.3,8,4.3,3,0,6.3,10.0,1,Over 60 min,No,Private,62
89.2,82.8,8,9.7,3,5,6.3,1.0,2,Over 60 min,No,Public,66
55.9,75.7,10,3.3,1,4,6.2,3.7,1,Under 15 min,Yes,Public,49
90.2,99.0,7,7.8,4,2,6.6,4.3,2,Under 15 min,Yes,Public,84
81.1,66.2,8,3.9,3,0,5.9,3.9,2,30-60 min,Yes,Public,73
58.8,98.3,8,3.7,4,4,7.7,2.7,4,Under 15 min,Yes,Public,61
49.6,91.1,8,2.4,2,0,8.1,7.5,3,Under 15 min,Yes,Public,64
40.0,92.8,9,5.9,3,0,5.1,5.3,1,15-30 min,Yes,Public,67
97.6,78.9,8,3.2,4,1,8.3,6.6,3,Under 15 min,No,Private,83
62.7,97.5,9,9.7,5,0,6.1,3.7,0,Under 15 min,No,Private,84
83.9,95.4,6,2.1,3,2,7.7,8.1,3,30-60 min,Yes,Public,63
57.2,76.7,9,3.2,2,0,7.2,1.0,3,Under 15 min,Yes,Public,66
66.1,76.0,9,1.0,2,1,5.4,4.6,5,15-30 min,Yes,Public,64
65.7,91.5,8,4.6,1,0,7.4,4.7,3,30-60 min,Yes,Private,74
69.4,87.1,8,1.0,4,0,6.4,3.6,3,Under 15 min,Yes,Private,80
46.3,87.9,9,3.7,4,0,6.7,2.1,4,15-30 min,Yes,Private,66
55.6,97.0,8,3.6,4,0,8.7,7.8,3,15-30 min,Yes,Public,73
74.2,91.1,7,6.9,4,0,6.3,2.7,1,Under 15 min,Yes,Public,81
59.6,82.5,8,5.2,4,1,7.6,2.1,2,Under 15 min,Yes,Public,71
61.3,82.6,6,2.3,2,0,6.2,3.8,1,30-60 min,Yes,Private,64
74.2,88.0,7,5.1,3,0,4.9,1.0,1,Under 15 min,Yes,Private,78
58.1,99.5,8,7.1,4,0,6.8,2.7,2,15-30 min,Yes,Public,75
65.3,84.5,9,6.1,2,0,7.5,1.0,1,15-30 min,Yes,Public,78
55.7,89.0,8,4.3,5,0,7.2,1.4,3,Under 15 min,Yes,Public,71
41.6,77.9,6,3.9,1,0,6.7,1.9,5,15-30 min,No,Public,54
90.5,77.8,7,3.9,4,0,8.1,1.4,2,30-60 min,Yes,Public,78
72.0,92.1,9,5.3,3,0,6.3,1.8,2,Under 15 min,Yes,Public,76
67.3,83.5,7,2.0,3,0,6.9,4.9,5,Under 15 min,Yes,Public,69
63.3,84.7,10,6.9,5,4,7.4,2.6,4,Under 15 min,Yes,Private,63
62.4,82.8,6,1.4,1,0,6.6,1.1,3,Under 15 min,Yes,Public,59
47.4,92.4,9,5.2,3,0,6.6,6.0,3,Over 60 min,Yes,Public,66
53.5,80.8,8,4.9,4,0,6.6,2.4,1,Under 15 min,Yes,Public,70
64.4,94.7,6,3.7,3,0,7.2,2.1,2,30-60 min,Yes,Public,73
66.6,88.9,10,3.5,4,0,5.6,6.1,2,Under 15 min,Yes,Public,74
75.5,93.5,8,6.4,1,1,6.3,1.4,1,Under 15 min,Yes,Public,78
90.8,98.1,9,5.6,4,0,7.5,8.9,3,15-30 min,No,Public,86
65.7,90.6,9,3.0,3,1,7.2,2.6,2,15-30 min,Yes,Public,74
61.8,94.5,7,8.1,3,0,6.1,2.6,3,Under 15 min,Yes,Public,78
56.3,80.3,10,3.3,3,1,6.8,4.3,3,15-30 min,Yes,Public,61
73.9,73.5,9,9.1,4,1,9.5,2.7,4,15-30 min,Yes,Public,79
51.0,96.5,8,4.2,3,1,7.6,3.9,2,Under 15 min,Yes,Public,56
56.4,96.3,6,4.3,5,0,8.5,10.0,3,15-30 min,Yes,Public,66
64.8,92.4,8,2.0,3,1,6.9,4.1,3,Over 60 min,Yes,Public,66
52.3,93.6,8,4.9,4,0,6.0,1.6,3,15-30 min,Yes,Public,72
86.6,93.2,7,1.9,5,2,6.6,7.6,1,Under 15 min,No,Public,68
65.9,84.9,9,9.4,4,3,5.8,10.0,4,Under 15 min,Yes,Public,71
62.1,80.1,8,1.5,3,0,7.4,7.4,1,30-60 min,Yes,Private,68
76.7,77.6,6,6.4,4,0,7.1,2.9,5,30-60 min,Yes,Public,70
85.4,80.8,8,3.5,5,1,5.6,5.0,2,Over 60 min,Yes,Public,74
62.4,85.6,6,6.1,3,0,6.1,3.1,2,Under 15 min,Yes,Public,76
70.6,95.3,10,2.6,4,0,7.0,1.4,2,Under 15 min,Yes,Public,76
52.7,89.9,7,2.3,2,2,4.9,3.0,2,Under 15 min,Yes,Public,53
75.7,94.7,10,7.7,4,0,6.8,2.6,2,15-30 min,No,Private,88
53.3,97.3,8,2.5,4,1,8.2,4.6,1,15-30 min,Yes,Private,66
61.7,90.2,7,7.3,5,0,6.1,1.1,0,Under 15 min,No,Public,78
72.1,96.3,8,7.3,2,0,7.2,4.7,4,Under 15 min,Yes,Private,83
51.8,84.6,7,3.1,3,0,5.6,7.9,3,15-30 min,Yes,Public,61
59.5,94.2,7,7.2,4,0,6.6,2.3,3,15-30 min,Yes,Public,80
80.1,98.9,9,4.8,4,0,6.3,5.5,2,Over 60 min,Yes,Public,82
66.2,99.5,7,8.4,4,0,4.9,5.2,2,15-30 min,Yes,Public,81
61.3,89.9,10,3.4,3,0,6.3,7.7,3,30-60 min,Yes,Public,71
55.9,98.8,10,2.7,3,1,8.2,1.6,1,30-60 min,No,Public,60
57.7,92.9,9,2.1,2,2,6.4,5.4,2,30-60 min,Yes,Public,59
76.2,86.8,10,1.0,3,0,7.3,3.7,2,Under 15 min,Yes,Private,80
100.0,87.2,9,2.9,1,1,7.2,6.8,2,15-30 min,Yes,Public,78
67.4,95.8,8,4.0,4,1,5.8,2.0,1,15-30 min,Yes,Public,72
68.8,91.0,9,3.2,3,0,6.4,4.4,3,Under 15 min,Yes,Public,72
67.8,98.6,8,3.2,3,2,7.0,1.0,4,Under 15 min,Yes,Private,70
64.9,90.0,7,2.4,2,1,6.2,9.2,2,Under 15 min,Yes,Public,64
49.8,90.3,9,6.9,4,2,6.6,1.1,2,Under 15 min,Yes,Public,66
58.1,91.1,6,5.7,3,0,7.5,1.2,1,30-60 min,Yes,Public,72
43.5,82.0,7,4.0,2,0,5.2,8.7,2,30-60 min,Yes,Public,52
66.1,98.8,4,2.6,3,0,7.8,8.5,2,15-30 min,No,Public,67
58.8,89.2,9,1.0,4,1,7.8,3.3,4,15-30 min,Yes,Public,65
80.6,88.8,6,3.4,2,4,6.6,2.2,3,Under 15 min,Yes,Private,63
47.7,81.6,8,4.4,5,0,9.1,5.0,3,15-30 min,Yes,Private,74
64.1,95.2,8,3.5,5,0,5.5,2.6,1,15-30 min,Yes,Private,78
72.7,85.6,10,6.6,4,1,6.4,1.6,3,Over 60 min,No,Public,74
72.3,92.3,6,1.4,3,0,7.9,1.0,1,Under 15 min,Yes,Public,77
90.6,92.7,7,3.3,2,0,7.4,7.0,2,15-30 min,Yes,Public,77
93.6,76.1,10,6.3,4,2,8.1,5.1,2,15-30 min,Yes,Public,76
70.0,92.2,8,4.5,4,1,8.0,3.2,3,Under 15 min,No,Public,73
86.0,94.7,9,3.9,2,3,6.0,8.4,2,Under 15 min,Yes,Public,69
70.8,99.8,8,4.2,1,0,8.0,3.4,3,Over 60 min,Yes,Public,72
77.9,85.8,6,4.7,3,0,7.0,2.0,3,Under 15 min,Yes,Public,83
70.4,87.6,8,2.1,2,0,5.7,3.2,3,Under 15 min,No,Public,67
72.4,90.3,9,6.7,3,2,5.4,1.0,4,15-30 min,Yes,Private,74
57.8,81.7,7,2.3,3,2,7.2,6.2,2,30-60 min,Yes,Public,50
50.8,94.0,8,4.3,5,1,7.3,1.3,4,Under 15 min,Yes,Public,69
43.7,99.2,8,2.8,2,0,6.3,1.4,2,Under 15 min,Yes,Public,61
55.0,90.9,7,1.7,3,1,7.6,3.0,5,15-30 min,Yes,Public,61
54.0,91.2,8,6.2,4,1,8.4,10.0,3,15-30 min,No,Public,65
66.8,98.5,10,1.1,4,0,6.8,1.4,3,15-30 min,Yes,Private,73
65.1,94.7,7,1.3,2,1,7.2,2.1,4,Over 60 min,Yes,Private,62
85.4,93.7,10,2.4,5,0,8.5,1.6,3,15-30 min,Yes,Public,86
62.3,92.6,9,3.4,1,1,6.9,1.9,3,30-60 min,Yes,Public,67
56.1,97.0,7,2.1,2,0,6.4,9.4,2,15-30 min,Yes,Public,63
67.6,98.7,9,2.8,3,0,7.2,1.3,4,15-30 min,Yes,Private,76
84.4,90.9,6,2.0,3,0,5.6,1.2,1,Under 15 min,Yes,Private,82
75.4,80.2,7,2.8,4,0,7.4,7.3,2,15-30 min,No,Public,72
64.3,78.3,9,1.9,4,2,7.3,3.5,0,Under 15 min,No,Public,58
89.6,87.9,9,3.3,2,0,6.9,3.4,2,15-30 min,Yes,Public,83
71.0,81.7,10,4.3,3,0,9.8,2.0,2,15-30 min,Yes,Public,75
58.7,94.5,8,5.5,3,0,7.5,4.6,4,Over 60 min,Yes,Public,74
62.7,86.6,10,4.4,3,0,6.8,3.7,1,Under 15 min,Yes,Public,75
62.5,90.6,9,5.4,3,1,7.3,1.0,1,Under 15 min,Yes,Public,72
65.4,94.3,10,9.8,2,0,6.7,1.0,5,15-30 min,Yes,Public,82
72.6,84.0,7,3.7,1,0,6.7,1.5,2,Under 15 min,Yes,Public,73
74.9,83.8,8,6.0,3,0,7.4,2.2,3,30-60 min,No,Private,76
67.6,88.1,9,6.6,3,3,7.8,6.5,4,15-30 min,Yes,Public,64
71.1,87.1,6,10.0,4,0,7.0,7.1,3,30-60 min,Yes,Public,81
55.7,90.4,9,5.8,4,0,9.6,3.7,4,30-60 min,Yes,Public,71
66.9,89.2,7,2.4,3,0,7.2,3.8,3,Under 15 min,Yes,Private,74
58.7,99.7,7,3.2,1,0,6.6,3.8,1,15-30 min,Yes,Public,66
67.7,92.2,10,4.8,3,0,6.7,2.4,5,Under 15 min,Yes,Public,80
70.9,85.3,10,4.1,3,1,6.7,1.9,3,15-30 min,Yes,Public,75
59.9,96.4,8,3.3,3,0,6.5,2.6,4,Over 60 min,Yes,Public,69
71.6,86.1,6,4.1,2,0,5.9,5.7,4,15-30 min,Yes,Public,75
75.0,71.6,10,3.9,5,0,8.6,1.4,3,Under 15 min,Yes,Private,84
78.0,96.7,9,4.1,3,0,4.1,2.3,4,15-30 min,Yes,Public,83
71.9,87.6,9,2.2,4,0,6.7,1.4,2,15-30 min,Yes,Public,79
66.1,75.1,10,9.1,4,1,6.7,6.5,2,Over 60 min,Yes,Public,72
72.5,94.0,9,2.1,4,0,7.1,1.2,3,30-60 min,Yes,Public,79
48.7,69.0,8,3.6,4,1,7.0,4.2,2,15-30 min,No,Public,56
64.7,85.9,8,4.1,4,0,6.9,2.3,3,30-60 min,Yes,Private,73
82.9,88.4,9,4.4,1,0,8.1,4.8,5,15-30 min,Yes,Public,82
61.9,89.8,4,6.0,3,0,8.1,3.1,4,15-30 min,Yes,Public,73
69.2,92.0,7,5.1,4,1,8.6,1.0,3,15-30 min,Yes,Public,74
51.1,93.6,8,3.9,1,1,6.8,2.3,2,Under 15 min,Yes,Private,62
57.3,92.2,6,6.8,5,0,8.4,4.0,0,Under 15 min,Yes,Public,73
73.2,78.7,7,10.0,3,0,6.8,2.1,2,15-30 min,Yes,Public,81
83.1,92.5,8,1.8,4,0,7.7,1.4,1,Under 15 min,No,Public,79
66.3,99.2,9,3.6,2,1,5.9,1.9,3,15-30 min,Yes,Public,73
63.4,81.6,9,3.8,3,0,8.7,1.6,4,15-30 min,No,Public,71
58.5,88.1,9,3.7,4,0,7.2,1.1,4,30-60 min,Yes,Private,73
52.1,77.3,9,4.4,4,0,6.7,5.0,1,Under 15 min,Yes,Public,70
77.9,81.6,10,3.9,4,0,6.2,2.7,3,Over 60 min,Yes,Public,79
64.0,75.8,9,4.8,5,0,8.1,4.0,3,15-30 min,Yes,Public,72
63.0,88.9,6,5.3,4,0,8.0,5.3,1,Under 15 min,Yes,Private,70
86.0,94.8,8,3.1,5,0,6.6,4.9,2,Under 15 min,Yes,Public,84
56.6,91.1,9,6.6,3,2,7.1,3.1,2,Under 15 min,Yes,Private,72
61.4,87.2,3,1.5,3,1,8.3,2.7,2,Under 15 min,No,Public,59
71.5,92.3,7,2.0,4,0,6.9,1.6,3,Under 15 min,Yes,Public,74
75.1,91.3,9,2.3,1,0,8.3,2.3,4,30-60 min,Yes,Public,74
78.4,90.0,8,3.2,4,3,6.4,1.3,3,15-30 min,Yes,Public,71
63.8,86.8,7,6.3,4,0,7.9,2.1,3,Under 15 min,Yes,Public,76
68.3,97.4,6,2.6,3,0,7.8,4.2,1,Under 15 min,Yes,Private,75
71.8,94.4,8,5.8,4,0,8.4,3.0,3,Under 15 min,Yes,Public,81
61.2,95.0,9,4.0,3,0,7.8,2.4,2,Under 15 min,Yes,Public,79
58.2,98.9,9,4.3,4,0,8.2,2.7,2,Under 15 min,No,Private,76
62.2,87.5,10,7.3,3,0,7.1,2.1,2,15-30 min,Yes,Public,79
67.7,86.2,10,4.5,3,1,6.0,7.8,1,Under 15 min,Yes,Public,65
66.9,86.4,8,4.1,2,0,7.9,2.0,1,Over 60 min,Yes,Private,70
62.6,82.4,8,3.2,5,0,4.2,2.8,4,Under 15 min,Yes,Public,68
71.6,94.6,7,6.3,4,0,7.1,1.9,4,30-60 min,Yes,Public,80
69.3,92.2,7,4.0,3,1,6.7,2.0,0,30-60 min,Yes,Public,72
58.7,96.6,7,5.6,4,0,5.7,4.0,2,30-60 min,Yes,Public,74
75.5,85.7,8,6.5,3,1,7.0,4.1,4,15-30 min,Yes,Public,78
61.3,83.6,8,2.3,4,1,7.0,4.8,3,30-60 min,Yes,Public,63
76.4,75.3,9,2.2,4,0,7.1,2.6,2,15-30 min,Yes,Public,71
61.5,95.1,9,8.6,4,2,8.2,1.1,1,Over 60 min,Yes,Public,71
76.9,95.2,8,2.6,3,1,6.1,1.0,2,30-60 min,Yes,Public,68
76.6,88.2,8,2.1,5,0,5.3,3.1,3,15-30 min,Yes,Public,80
77.1,96.7,9,2.7,4,1,5.8,1.9,1,Under 15 min,Yes,Private,79
56.3,91.1,6,3.4,2,0,8.1,2.5,2,Under 15 min,Yes,Public,70
68.0,99.7,6,1.8,3,5,6.4,3.6,2,Under 15 min,Yes,Public,52
59.4,90.8,9,4.7,3,0,7.6,2.9,2,15-30 min,No,Public,70
94.0,79.5,9,3.6,3,0,6.7,4.3,2,30-60 min,Yes,Public,81
73.7,79.2,8,5.2,5,0,5.7,4.8,3,15-30 min,Yes,Public,77
61.3,96.8,8,7.6,5,1,7.7,3.4,3,30-60 min,No,Public,78
58.2,89.2,9,1.0,1,0,8.9,1.0,5,Under 15 min,Yes,Private,64
55.8,80.5,5,3.9,5,0,6.9,6.3,3,15-30 min,Yes,Public,63
67.4,99.7,9,1.0,3,3,7.3,3.4,3,Under 15 min,Yes,Private,66
72.1,94.7,7,2.4,3,0,7.7,7.9,4,Over 60 min,Yes,Private,72
59.8,92.9,10,4.4,3,3,6.3,8.9,3,30-60 min,Yes,Public,53
52.6,82.2,6,2.8,3,3,6.8,5.0,3,15-30 min,Yes,Public,53
77.1,93.2,8,3.4,2,0,5.3,4.0,3,Under 15 min,Yes,Public,78
53.0,77.2,6,4.7,1,0,6.5,1.3,3,15-30 min,Yes,Private,65
66.5,92.9,8,2.7,1,3,7.6,9.8,3,30-60 min,Yes,Public,54
53.1,90.5,5,2.5,5,0,6.7,10.0,2,15-30 min,Yes,Public,66
63.6,98.0,8,2.9,3,0,6.3,5.7,4,15-30 min,No,Private,73
70.7,93.2,8,4.1,1,0,5.8,3.6,2,Under 15 min,Yes,Public,77
81.1,88.9,7,1.7,3,0,8.4,4.0,0,Under 15 min,Yes,Public,79
54.2,84.0,7,2.9,5,1,7.2,8.5,2,30-60 min,Yes,Public,58
67.0,77.5,10,2.4,3,0,6.5,1.7,2,Under 15 min,Yes,Public,71
51.4,83.8,9,6.4,3,1,6.5,3.3,2,Under 15 min,Yes,Public,66
72.2,91.2,6,2.4,3,0,6.0,2.1,2,Over 60 min,Yes,Public,72
76.3,86.5,7,2.5,3,1,6.6,7.0,2,Under 15 min,Yes,Public,70
76.2,83.5,9,2.8,4,0,6.3,1.7,4,Under 15 min,Yes,Private,78
44.5,98.3,9,9.3,3,2,5.7,5.4,3,Under 15 min,Yes,Public,68
85.3,93.6,9,5.9,3,0,6.6,8.9,1,15-30 min,Yes,Private,92
93.8,74.0,8,2.3,3,2,6.0,4.1,3,15-30 min,Yes,Public,71
61.1,79.1,7,1.7,3,2,5.9,1.8,5,15-30 min,Yes,Public,55
89.6,95.7,9,3.8,3,0,4.5,6.5,4,15-30 min,Yes,Public,87
60.5,77.5,9,10.0,3,0,8.0,1.9,3,Under 15 min,Yes,Public,76
49.3,94.9,8,7.0,3,0,7.0,2.4,3,15-30 min,Yes,Public,70
76.1,90.9,9,4.2,2,3,5.3,4.9,0,Under 15 min,Yes,Public,63
70.1,93.3,9,10.0,1,1,7.2,1.6,3,15-30 min,Yes,Private,83
85.0,88.6,10,9.2,3,0,5.2,6.0,3,15-30 min,Yes,Public,91
60.6,94.2,7,4.0,4,0,7.4,2.1,2,Under 15 min,No,Public,70
74.8,92.9,7,3.7,3,0,6.4,3.1,3,Under 15 min,Yes,Public,81
50.8,86.6,6,5.2,3,2,6.2,2.8,1,15-30 min,No,Public,59
51.9,79.4,8,1.6,5,0,4.6,7.7,3,Under 15 min,Yes,Private,64
81.7,93.8,9,1.0,3,3,8.0,1.7,2,15-30 min,No,Public,65
67.5,82.8,8,7.0,3,0,6.0,3.8,2,Under 15 min,Yes,Private,81
81.9,85.0,8,1.7,2,2,6.7,3.6,1,Under 15 min,Yes,Public,65
75.7,97.9,9,5.5,2,1,8.8,1.6,1,Under 15 min,Yes,Private,82
59.8,80.1,8,4.8,2,1,7.1,2.4,2,15-30 min,Yes,Public,64
61.8,90.1,7,1.4,2,0,6.7,4.7,4,30-60 min,Yes,Public,66
59.8,95.9,8,2.3,2,0,7.6,1.4,3,15-30 min,Yes,Public,75
99.6,78.8,8,2.7,4,0,6.6,7.7,1,Under 15 min,Yes,Public,85
67.7,89.5,7,2.4,4,3,6.7,2.3,3,Under 15 min,Yes,Public,63
68.8,87.3,8,6.0,4,2,6.5,3.1,3,Under 15 min,No,Public,71
76.5,71.0,9,5.0,3,0,6.6,6.9,3,Over 60 min,Yes,Public,68
58.4,70.3,8,3.3,4,0,5.4,1.2,1,Under 15 min,Yes,Public,63
89.1,96.3,8,2.8,3,0,6.3,3.3,3,30-60 min,Yes,Public,81
68.8,90.7,10,3.3,3,0,7.3,1.2,3,15-30 min,Yes,Public,79
56.9,75.0,10,5.9,4,1,8.6,4.0,3,30-60 min,Yes,Public,65
62.5,95.5,6,7.0,2,0,5.4,2.4,1,15-30 min,Yes,Public,72
70.1,98.0,8,10.0,4,0,8.0,10.0,4,30-60 min,Yes,Public,88
63.9,97.8,10,5.5,2,0,7.5,3.2,3,15-30 min,Yes,Private,76
77.0,87.1,10,8.7,2,0,8.5,5.1,3,15-30 min,Yes,Public,89
75.3,80.3,8,3.7,4,3,7.9,1.3,1,Under 15 min,Yes,Public,67
72.2,90.9,6,6.9,5,0,5.8,7.1,2,Over 60 min,Yes,Public,79
68.6,85.8,7,3.6,4,0,5.7,3.8,1,15-30 min,Yes,Public,72
55.2,96.9,9,5.3,4,0,5.5,1.0,2,Under 15 min,Yes,Public,72
74.2,81.8,10,3.5,2,0,8.3,1.7,2,15-30 min,Yes,Public,72
70.4,93.9,7,2.6,2,0,6.8,2.6,4,30-60 min,No,Public,69
72.6,94.8,7,4.6,4,0,7.0,1.8,3,Under 15 min,Yes,Public,81
98.7,94.8,9,3.1,3,0,6.9,1.3,3,Over 60 min,Yes,Public,87
62.4,89.2,9,1.5,4,0,6.7,3.3,2,15-30 min,Yes,Private,70
62.3,96.2,8,2.5,4,1,7.7,1.0,2,Under 15 min,Yes,Public,71
70.5,92.0,7,1.0,2,0,7.1,2.8,4,Under 15 min,Yes,Public,71
56.2,96.8,10,4.8,2,0,6.6,5.4,3,30-60 min,No,Public,72
81.5,86.7,8,6.9,1,0,8.2,6.0,3,Under 15 min,No,Public,81
80.4,80.4,10,7.3,5,1,7.4,3.9,3,30-60 min,No,Public,81
75.3,95.8,8,5.5,3,1,7.4,2.2,3,15-30 min,Yes,Public,81
70.2,93.2,6,6.5,3,3,5.8,3.8,2,Under 15 min,Yes,Public,64
88.1,86.3,7,2.9,2,0,7.5,1.0,4,15-30 min,Yes,Private,82
84.1,85.9,9,8.3,3,1,6.8,2.8,4,Under 15 min,Yes,Public,83
72.9,93.9,8,6.6,1,1,7.1,2.0,2,15-30 min,Yes,Public,77
74.1,95.5,9,1.3,3,0,6.5,3.8,4,Under 15 min,Yes,Public,75
40.0,87.3,9,2.2,3,3,6.0,2.8,3,Under 15 min,Yes,Public,48
75.9,98.2,10,2.9,4,1,8.5,2.4,2,Under 15 min,Yes,Public,76
71.7,97.5,7,2.0,5,0,7.4,3.9,2,Over 60 min,Yes,Public,81
72.0,86.9,9,8.0,5,0,8.8,7.9,4,Over 60 min,Yes,Public,85
71.0,94.0,8,2.7,3,1,8.2,4.0,3,Under 15 min,Yes,Private,71
67.2,84.1,8,2.7,4,1,7.3,3.4,1,Under 15 min,No,Public,64
64.0,94.9,9,8.8,5,0,8.2,1.5,2,30-60 min,No,Private,84
81.3,92.0,8,3.1,2,3,7.6,7.5,3,15-30 min,Yes,Private,68
69.0,96.3,7,3.0,2,0,6.6,5.2,4,Under 15 min,No,Private,72
75.0,70.9,6,1.3,3,0,7.6,2.0,3,Under 15 min,Yes,Public,70
88.2,86.0,9,5.7,4,0,7.5,6.4,2,Over 60 min,Yes,Public,81
52.2,88.0,8,3.7,4,0,7.8,1.0,3,15-30 min,No,Public,64
53.2,76.2,10,2.4,5,3,7.5,1.1,3,Under 15 min,Yes,Private,57
71.7,82.9,9,1.9,5,0,6.1,6.7,2,30-60 min,Yes,Public,74
90.6,85.6,10,5.9,4,0,4.5,2.7,2,15-30 min,Yes,Public,88
80.2,87.0,8,3.5,5,0,6.8,3.1,4,15-30 min,Yes,Public,78
66.3,92.6,6,1.0,4,3,7.6,8.8,4,Under 15 min,Yes,Public,56
59.4,86.8,7,1.3,5,0,7.0,2.4,3,15-30 min,Yes,Private,70
70.6,86.3,8,3.2,3,0,8.1,1.0,3,15-30 min,Yes,Public,72
53.4,90.3,8,5.4,5,0,7.8,7.3,1,15-30 min,Yes,Private,74
73.7,96.9,7,1.2,3,4,8.0,5.4,3,15-30 min,Yes,Private,58
51.2,93.4,10,7.0,2,0,6.4,1.0,2,15-30 min,Yes,Public,72
82.3,99.0,10,7.0,3,4,7.0,2.6,2,30-60 min,Yes,Public,71
46.7,99.2,7,2.5,3,0,6.8,2.0,2,15-30 min,Yes,Public,62
70.2,95.6,9,4.9,1,2,7.5,1.3,3,15-30 min,Yes,Public,66
74.8,90.5,6,3.6,4,1,6.7,2.5,1,30-60 min,Yes,Private,71
69.8,96.8,7,1.2,3,0,7.2,7.3,4,15-30 min,No,Public,68
86.0,68.3,7,6.4,2,0,7.2,4.2,3,30-60 min,No,Public,74
63.4,81.6,9,2.7,2,0,8.1,10.0,3,30-60 min,Yes,Private,70
78.2,83.5,6,5.9,4,0,6.2,3.9,3,Under 15 min,No,Public,76
48.9,97.7,7,6.5,4,0,7.3,6.2,3,15-30 min,Yes,Public,75
84.8,95.2,7,7.4,3,0,6.3,8.9,1,Under 15 min,Yes,Public,82
73.8,94.1,9,4.3,3,2,5.1,7.5,1,30-60 min,Yes,Public,68
81.0,95.0,9,4.8,3,0,6.7,9.5,3,30-60 min,Yes,Public,87
47.6,99.2,8,2.6,1,0,5.7,3.5,4,15-30 min,Yes,Public,60
62.3,94.1,8,5.9,4,1,7.3,5.1,1,30-60 min,Yes,Public,70
59.0,95.0,6,7.3,4,3,5.7,1.8,3,15-30 min,Yes,Public,66
50.6,82.5,8,2.9,3,1,7.8,5.0,4,15-30 min,Yes,Public,61
59.6,92.3,7,1.0,4,0,7.2,4.1,3,15-30 min,Yes,Private,70
51.7,79.7,7,6.1,3,0,6.7,8.0,1,Under 15 min,Yes,Public,67
70.8,79.4,8,3.2,5,0,6.5,4.7,2,15-30 min,Yes,Private,74
63.7,93.8,7,2.1,4,0,7.4,3.3,2,30-60 min,Yes,Public,69
62.0,96.3,10,6.0,4,1,8.6,1.0,5,30-60 min,Yes,Public,74
68.9,98.2,6,4.3,4,1,5.4,4.0,4,15-30 min,Yes,Public,76
68.1,77.5,8,2.7,1,3,6.3,1.9,4,Under 15 min,Yes,Public,55
74.7,78.6,7,1.8,4,0,7.0,1.1,2,15-30 min,Yes,Public,74
76.5,85.3,9,6.1,5,3,7.8,5.8,3,15-30 min,Yes,Public,69
73.7,85.9,9,1.0,3,2,5.9,4.8,2,15-30 min,Yes,Public,64
86.9,89.7,7,4.1,1,0,4.0,1.0,4,15-30 min,Yes,Private,82
69.0,93.1,8,8.4,5,0,8.1,2.4,0,Under 15 min,Yes,Public,82
88.0,96.4,7,2.7,3,2,7.5,1.4,3,Under 15 min,Yes,Private,78
71.3,77.6,9,1.4,2,3,7.7,3.8,3,15-30 min,Yes,Public,53
56.3,95.7,9,1.9,3,0,5.6,3.1,3,15-30 min,Yes,Private,72
70.7,88.9,6,5.2,4,2,7.1,4.3,4,Under 15 min,Yes,Public,70
70.3,87.5,7,3.5,1,1,7.9,7.9,1,Under 15 min,Yes,Public,66
87.1,67.9,10,3.9,4,0,6.3,3.2,3,Under 15 min,Yes,Private,88
67.6,89.9,8,3.3,3,0,7.0,2.1,4,30-60 min,Yes,Public,72
61.1,78.8,8,2.2,4,0,8.0,5.2,4,15-30 min,Yes,Public,69
72.1,97.7,7,3.9,3,2,7.9,2.2,2,30-60 min,Yes,Private,73
78.1,97.2,8,4.2,2,1,8.0,7.3,3,Under 15 min,Yes,Public,80
58.0,88.8,6,1.0,2,0,8.2,7.6,0,Under 15 min,Yes,Public,59
50.8,86.4,5,5.9,3,1,7.2,2.5,3,Under 15 min,Yes,Public,62
80.8,81.6,9,10.0,2,1,6.6,5.6,2,30-60 min,Yes,Public,79
67.6,89.9,8,3.5,3,0,8.9,1.5,4,30-60 min,Yes,Public,69
55.6,94.0,8,4.3,4,0,7.8,1.0,2,Under 15 min,Yes,Public,74
68.7,85.3,5,6.0,3,0,8.0,1.2,2,Under 15 min,No,Public,70
81.9,97.1,9,6.2,4,2,6.5,6.5,4,Under 15 min,Yes,Public,81
68.5,90.4,8,1.0,3,0,8.5,1.0,0,30-60 min,Yes,Private,74
92.1,94.2,9,3.5,5,0,7.5,1.6,1,15-30 min,Yes,Private,92
53.1,74.8,6,5.2,5,1,6.9,5.7,2,30-60 min,Yes,Public,59
43.1,83.4,10,2.6,3,0,6.9,9.4,4,15-30 min,Yes,Private,62
79.5,96.2,8,6.4,3,2,6.3,1.0,3,Under 15 min,Yes,Public,74
73.1,96.4,9,7.4,3,1,8.2,2.3,3,Under 15 min,Yes,Public,83
54.5,99.6,8,7.4,4,1,6.8,1.6,3,30-60 min,Yes,Public,75
60.2,75.3,10,2.9,3,2,6.3,9.3,4,30-60 min,Yes,Public,54
81.0,81.3,10,2.4,3,0,6.5,2.6,3,15-30 min,Yes,Public,82
54.7,84.6,6,2.8,3,0,7.0,4.4,2,30-60 min,Yes,Public,63
64.3,96.1,9,10.0,3,1,6.7,7.4,2,Under 15 min,Yes,Public,78
65.2,79.2,9,2.3,3,0,6.2,2.9,3,Under 15 min,No,Public,67
76.5,90.4,9,3.3,2,1,6.6,2.4,3,15-30 min,Yes,Public,74
82.5,86.5,10,10.0,2,4,6.5,10.0,2,15-30 min,Yes,Public,75
88.4,99.2,9,1.8,3,0,7.6,3.8,2,Under 15 min,Yes,Private,87
71.9,93.1,7,3.9,4,4,8.1,2.1,3,30-60 min,Yes,Public,58
73.3,91.5,9,3.6,3,0,7.3,1.0,0,30-60 min,Yes,Public,77
74.2,84.0,9,1.0,3,1,9.1,2.0,2,30-60 min,Yes,Public,67
66.5,78.6,7,8.1,4,2,6.9,1.7,3,15-30 min,No,Public,70
66.1,85.8,6,4.7,5,0,5.0,5.7,1,Under 15 min,Yes,Public,73
87.0,94.4,9,4.1,4,0,7.1,3.0,3,Under 15 min,Yes,Public,83
78.5,93.3,9,4.4,4,2,9.3,2.3,1,15-30 min,No,Public,75
58.9,90.0,9,2.8,4,0,8.2,4.5,1,Over 60 min,Yes,Public,70
62.3,85.8,7,4.9,4,2,5.9,6.8,3,15-30 min,Yes,Private,66
85.3,84.1,7,3.9,4,2,7.7,1.0,1,Under 15 min,No,Public,68
80.4,81.2,7,2.2,1,3,9.5,3.4,2,15-30 min,Yes,Public,60
49.8,94.9,6,7.1,2,0,6.6,1.0,0,Under 15 min,Yes,Public,72
51.1,94.2,7,5.6,3,0,7.2,3.5,2,15-30 min,Yes,Public,66
62.2,90.5,6,3.0,1,0,7.4,2.2,2,Under 15 min,Yes,Private,71
52.5,95.9,8,4.7,5,2,7.2,6.6,3,Under 15 min,Yes,Public,62
78.5,87.3,9,4.6,2,0,6.6,1.0,2,Under 15 min,Yes,Private,78
86.8,87.3,8,10.0,4,2,5.8,1.1,2,15-30 min,Yes,Private,88
68.6,98.8,7,2.1,3,1,7.5,5.8,3,30-60 min,No,Public,66
70.7,86.0,9,1.5,4,0,6.3,7.4,1,Under 15 min,Yes,Public,77
61.2,97.0,8,1.0,3,0,7.8,2.8,4,15-30 min,Yes,Private,69
62.5,87.3,9,7.0,3,0,6.8,3.7,2,15-30 min,No,Private,76
64.7,97.4,10,4.1,4,0,8.7,7.0,4,Over 60 min,Yes,Public,79
71.5,97.8,7,3.9,1,0,7.2,1.9,1,15-30 min,No,Public,76
62.1,86.8,8,5.4,5,1,5.9,4.0,3,Over 60 min,Yes,Public,66
73.5,86.1,9,4.1,5,1,6.6,1.5,1,Under 15 min,Yes,Private,82
77.3,89.6,9,4.8,3,1,7.2,9.9,2,15-30 min,Yes,Public,74
80.6,95.7,7,5.9,5,3,7.1,3.0,3,30-60 min,Yes,Public,74
62.0,89.0,10,7.7,4,0,4.0,8.2,4,Under 15 min,Yes,Public,76
74.1,82.5,9,8.0,3,4,6.0,5.9,1,Over 60 min,No,Private,56
79.1,91.3,6,1.1,1,0,8.0,7.4,3,30-60 min,Yes,Public,69
75.9,94.6,7,3.0,3,2,7.2,4.1,2,Under 15 min,Yes,Public,64
58.8,89.7,8,2.9,5,0,6.5,2.0,0,Under 15 min,No,Public,72
53.3,87.2,7,1.6,1,1,6.9,1.6,0,Under 15 min,Yes,Public,52
78.0,86.3,9,3.8,1,1,7.7,1.7,2,15-30 min,Yes,Public,69
57.3,98.0,6,2.0,2,2,6.4,5.2,1,Under 15 min,Yes,Private,55
98.9,85.7,7,1.4,3,0,7.8,5.9,3,15-30 min,Yes,Private,86
77.8,83.0,7,5.2,2,1,6.4,1.6,3,Under 15 min,Yes,Private,75
73.7,85.0,8,2.6,3,0,5.9,2.0,3,15-30 min,Yes,Public,73
97.5,95.2,10,6.4,4,0,7.6,1.2,2,15-30 min,Yes,Public,92
90.2,83.9,6,4.8,4,1,8.3,7.9,2,15-30 min,Yes,Public,76
47.6,81.2,8,2.4,3,0,6.6,6.6,1,Under 15 min,Yes,Public,61
50.4,95.5,7,1.6,5,2,6.4,3.7,3,Under 15 min,Yes,Public,56
64.1,93.4,9,2.7,5,1,6.6,1.0,4,30-60 min,Yes,Public,71
58.5,89.6,8,2.6,2,1,5.0,2.2,2,Under 15 min,Yes,Public,59
60.5,90.1,8,9.6,4,0,6.0,3.4,3,30-60 min,Yes,Private,85
78.0,88.5,7,1.0,3,0,7.6,2.1,3,15-30 min,No,Private,73
63.7,91.4,8,6.8,1,0,8.1,1.8,3,15-30 min,Yes,Public,70
91.6,86.0,10,4.4,3,0,8.2,7.4,2,15-30 min,Yes,Public,86
71.1,91.2,9,4.3,2,0,6.2,1.0,4,15-30 min,Yes,Public,77
75.1,91.2,7,6.2,2,0,5.0,2.0,2,15-30 min,Yes,Public,79
74.2,86.9,8,10.0,3,0,6.3,4.9,2,Under 15 min,No,Public,80
52.2,91.2,6,2.2,3,0,5.0,4.2,2,Under 15 min,Yes,Public,65
55.0,88.8,8,5.1,5,0,6.8,1.3,0,15-30 min,Yes,Public,67
84.2,94.6,10,3.6,2,0,7.5,4.3,2,15-30 min,Yes,Public,79
67.6,87.7,9,1.0,2,0,9.4,5.9,3,Over 60 min,Yes,Public,63
60.3,90.3,5,1.9,5,0,6.9,1.7,4,15-30 min,Yes,Public,69
65.2,78.2,5,1.1,3,0,7.4,4.8,2,15-30 min,Yes,Public,60
65.2,93.6,10,4.9,1,0,7.2,3.6,3,15-30 min,Yes,Public,76
60.5,81.1,9,10.0,2,0,5.6,2.2,3,15-30 min,Yes,Public,74
64.9,93.1,5,2.9,4,0,5.8,3.8,3,15-30 min,Yes,Public,66
67.2,83.9,8,3.2,5,1,7.8,9.4,2,30-60 min,Yes,Public,66
71.4,70.6,7,1.1,4,2,7.7,6.4,3,30-60 min,Yes,Public,59
88.0,83.8,10,6.4,4,0,8.7,2.4,3,15-30 min,Yes,Public,88
74.9,99.1,5,4.3,3,2,7.4,8.8,2,15-30 min,Yes,Public,67
65.8,96.1,9,4.9,3,2,7.3,2.0,3,15-30 min,Yes,Public,67
73.9,91.5,10,1.0,1,0,9.0,2.4,3,15-30 min,Yes,Public,82
68.1,83.4,8,10.0,1,2,7.5,3.7,3,30-60 min,Yes,Private,68
62.8,94.2,8,10.0,5,3,6.8,5.4,4,Over 60 min,No,Public,67
72.2,93.9,7,3.1,4,0,7.1,6.3,1,Over 60 min,Yes,Public,70
65.4,79.2,5,3.3,4,0,7.0,3.2,3,15-30 min,Yes,Private,74
55.2,80.1,8,1.6,3,2,6.8,8.3,2,15-30 min,Yes,Public,53
51.2,73.4,9,3.7,4,4,7.2,6.9,0,15-30 min,Yes,Private,51
80.7,89.2,10,5.7,2,4,6.7,2.8,4,15-30 min,Yes,Private,71
67.8,92.0,9,3.1,3,0,8.1,4.0,3,15-30 min,No,Public,71
75.4,97.8,8,3.4,3,1,5.2,1.7,2,15-30 min,Yes,Public,77
65.4,98.9,6,4.2,5,0,7.2,5.2,4,Over 60 min,Yes,Public,76
72.3,95.9,9,5.4,3,0,6.1,2.2,0,30-60 min,Yes,Private,78
57.0,70.0,8,10.0,2,1,5.7,10.0,3,30-60 min,Yes,Public,68
72.5,82.3,8,7.3,3,0,5.8,1.8,1,30-60 min,Yes,Public,76
98.3,78.4,9,4.8,4,0,9.1,2.3,1,Under 15 min,Yes,Private,89
59.2,99.0,8,5.7,2,0,5.3,1.5,2,15-30 min,Yes,Private,74
78.6,93.7,8,10.0,5,1,6.0,4.6,1,Under 15 min,Yes,Private,86
75.6,86.1,9,1.3,1,1,6.8,5.8,2,Under 15 min,Yes,Public,68
94.3,86.1,7,2.4,2,1,6.5,10.0,2,30-60 min,Yes,Public,72
71.4,89.6,9,10.0,3,0,6.7,8.9,2,15-30 min,Yes,Public,81
82.2,96.6,8,3.6,2,0,7.4,4.2,3,15-30 min,Yes,Public,81
51.1,96.5,10,4.7,1,0,7.2,1.0,1,15-30 min,No,Public,66
73.9,95.0,8,10.0,4,0,6.6,6.0,4,15-30 min,Yes,Public,86
73.7,75.8,8,8.0,3,0,7.8,5.8,3,Under 15 min,Yes,Private,83
57.5,93.1,8,3.3,4,0,6.1,4.4,1,Under 15 min,Yes,Public,68
77.8,86.4,9,3.2,3,2,8.0,1.2,3,Under 15 min,Yes,Private,75
54.7,72.0,8,1.1,4,3,6.1,1.5,2,Under 15 min,Yes,Public,47
40.4,96.8,9,6.7,3,0,5.8,1.0,1,Under 15 min,Yes,Public,71
67.3,87.7,8,1.1,4,3,6.8,2.0,2,Over 60 min,No,Private,53
69.2,92.5,7,1.4,4,2,6.9,2.0,3,15-30 min,Yes,Public,62
62.6,70.6,9,7.5,3,4,5.9,4.1,4,Under 15 min,Yes,Public,55
48.0,96.1,5,7.3,3,0,6.0,4.4,1,Under 15 min,Yes,Public,66
79.8,96.0,9,2.6,1,1,6.8,2.9,2,Under 15 min,Yes,Private,77
70.4,96.3,6,4.8,3,1,6.6,10.0,2,30-60 min,Yes,Public,69
77.8,95.2,8,8.2,1,0,6.0,1.0,3,Under 15 min,No,Private,83
85.4,88.4,7,4.7,3,0,7.9,2.2,2,Over 60 min,Yes,Private,80
47.3,85.9,8,2.6,3,1,8.9,2.5,4,Under 15 min,No,Private,60
90.4,80.8,8,5.1,2,0,6.7,6.9,1,15-30 min,Yes,Public,90
76.9,97.5,8,2.9,4,0,8.5,1.8,2,15-30 min,Yes,Private,83
68.9,95.4,7,4.0,4,0,6.4,5.8,3,30-60 min,No,Public,72
58.3,91.5,9,2.3,3,0,7.0,7.9,4,30-60 min,Yes,Public,68
67.1,91.9,9,6.0,3,2,5.5,3.1,2,Under 15 min,Yes,Private,72
66.8,80.6,7,1.6,3,2,8.0,3.2,2,Under 15 min,Yes,Public,61
58.7,94.2,8,2.7,3,0,8.1,3.0,3,Over 60 min,No,Public,66
70.5,88.4,9,4.7,3,2,8.5,2.7,5,15-30 min,Yes,Public,69
59.9,77.0,7,3.6,3,0,6.1,1.3,3,15-30 min,Yes,Public,62
67.8,80.7,5,2.8,5,1,5.7,7.9,3,15-30 min,Yes,Private,65
64.1,92.7,8,4.9,1,0,7.7,6.5,3,15-30 min,Yes,Public,67
60.7,82.1,7,7.7,3,5,7.3,3.7,1,Under 15 min,Yes,Public,47
67.3,88.6,7,7.7,3,1,6.1,2.4,3,Under 15 min,Yes,Private,73
70.1,94.8,7,6.3,1,0,7.2,2.7,2,30-60 min,Yes,Private,82
59.7,96.3,9,9.6,3,0,7.9,2.1,0,15-30 min,Yes,Private,88
80.6,82.6,8,2.5,2,1,6.4,6.3,1,30-60 min,Yes,Public,73
79.0,70.9,8,1.3,2,2,7.4,1.7,2,15-30 min,No,Public,56
68.2,99.4,7,1.1,5,0,8.1,1.0,2,15-30 min,No,Private,76
68.4,85.5,8,6.9,3,2,5.3,10.0,2,Under 15 min,Yes,Public,65
58.5,77.7,5,2.0,5,0,5.8,1.0,4,Under 15 min,No,Public,61
89.6,96.3,7,4.0,4,0,5.9,7.1,2,15-30 min,Yes,Public,82
50.2,83.7,8,2.5,1,1,8.5,2.7,2,15-30 min,Yes,Private,59
86.6,81.9,9,2.6,2,1,5.6,4.4,0,15-30 min,Yes,Public,70
69.6,86.1,9,7.6,3,0,4.2,4.0,3,Under 15 min,Yes,Public,82
74.7,75.9,7,2.6,4,0,7.6,4.8,1,Under 15 min,Yes,Public,72
77.4,95.9,9,3.0,3,3,6.1,9.0,3,15-30 min,No,Public,60
63.1,82.4,9,5.4,2,0,6.6,2.2,2,15-30 min,Yes,Public,74
58.7,86.8,7,2.1,4,2,6.9,8.2,4,Under 15 min,No,Public,56
60.8,86.3,8,9.3,2,1,7.4,7.4,2,Under 15 min,Yes,Public,75
59.5,77.8,9,3.4,4,1,5.3,1.1,3,15-30 min,No,Public,63
74.9,89.5,7,8.8,1,0,6.4,8.9,2,15-30 min,Yes,Private,80
84.9,86.4,10,5.2,5,2,8.3,3.5,2,30-60 min,No,Public,75
61.3,89.5,7,2.7,5,0,8.4,5.5,2,Under 15 min,Yes,Public,75
72.8,91.8,6,9.8,3,2,6.6,4.7,1,Under 15 min,No,Public,73
63.1,85.6,10,7.0,4,0,6.5,1.5,3,Under 15 min,Yes,Private,84
61.1,85.7,8,4.2,3,1,6.9,2.2,1,Under 15 min,Yes,Public,66
66.3,94.5,8,2.7,4,0,8.5,4.9,2,Under 15 min,Yes,Private,82
76.5,94.2,8,3.6,4,1,7.2,4.7,1,15-30 min,Yes,Private,81
56.4,79.4,9,1.0,3,0,5.9,9.1,3,Under 15 min,Yes,Private,63
92.9,97.7,7,4.9,5,1,6.1,3.3,4,15-30 min,Yes,Private,90
65.4,88.6,8,4.5,5,0,5.6,6.1,4,30-60 min,Yes,Private,78
56.7,83.5,9,4.3,2,0,7.2,3.3,1,30-60 min,Yes,Private,65
77.9,98.3,8,5.2,3,0,6.2,6.8,3,30-60 min,Yes,Public,72
49.2,98.6,7,2.4,3,3,5.8,10.0,3,Under 15 min,Yes,Public,47
68.6,93.0,8,2.0,4,0,6.0,3.4,3,Under 15 min,Yes,Public,75
76.2,95.8,8,6.9,1,0,8.3,4.3,2,15-30 min,Yes,Public,82
61.6,87.7,6,1.5,4,3,7.1,4.9,3,Under 15 min,Yes,Public,54
70.7,91.3,5,4.6,5,0,7.7,1.0,3,Under 15 min,Yes,Public,83
79.6,87.5,8,4.3,3,0,7.1,4.8,3,30-60 min,Yes,Public,79
61.2,78.2,6,10.0,2,0,7.3,3.6,1,30-60 min,No,Private,74
69.8,87.4,9,1.1,2,1,7.1,4.5,2,30-60 min,Yes,Private,66
82.4,78.8,7,1.7,2,0,6.5,1.9,2,30-60 min,Yes,Public,74
70.8,97.9,8,6.5,2,3,6.7,3.7,2,Under 15 min,Yes,Public,70
59.3,91.4,8,5.0,4,1,8.1,2.5,3,Under 15 min,Yes,Private,69
66.6,89.8,9,4.5,2,2,6.5,2.1,2,Under 15 min,Yes,Public,71
45.0,98.8,8,1.9,1,2,6.2,3.0,2,Under 15 min,Yes,Public,50
68.3,90.5,7,4.5,3,0,7.1,2.8,2,Under 15 min,Yes,Public,75
77.1,87.5,9,3.2,2,2,7.6,4.1,1,Under 15 min,Yes,Public,71
90.5,93.0,8,4.0,3,1,8.5,1.2,4,Under 15 min,Yes,Private,86
68.1,99.0,7,7.8,5,1,7.1,1.7,2,30-60 min,Yes,Public,81
77.9,77.8,8,3.6,4,0,6.1,2.8,3,Under 15 min,Yes,Private,81
67.4,92.1,9,10.0,2,1,7.0,2.7,0,15-30 min,Yes,Public,76
65.0,95.4,6,3.0,5,0,5.7,1.2,1,30-60 min,Yes,Private,72
40.0,88.5,8,3.9,3,2,6.6,8.7,1,15-30 min,Yes,Public,49
69.0,77.6,9,1.6,3,3,6.7,4.9,2,Under 15 min,No,Private,54
58.9,89.5,8,6.9,3,0,6.8,1.0,3,Under 15 min,Yes,Public,78
77.4,80.3,7,9.1,3,2,8.0,4.9,4,15-30 min,Yes,Public,77
60.2,79.8,10,3.6,2,0,8.0,2.7,4,15-30 min,Yes,Private,74
57.0,87.5,9,8.1,5,0,5.3,4.0,2,Over 60 min,Yes,Public,76
78.4,91.8,7,2.0,3,0,6.7,7.6,2,30-60 min,Yes,Private,76
43.5,78.2,8,3.1,4,0,8.0,2.1,2,Under 15 min,Yes,Private,66
89.5,96.9,9,5.1,2,0,7.4,1.0,0,Under 15 min,Yes,Public,91
78.5,88.1,6,1.9,5,0,7.0,4.9,2,15-30 min,Yes,Public,77
65.1,82.6,8,5.0,4,0,7.4,4.5,3,15-30 min,No,Public,74
49.8,92.9,10,5.2,5,2,6.2,8.0,3,15-30 min,Yes,Public,65
72.6,88.6,7,5.2,5,0,5.7,10.0,3,30-60 min,No,Public,77
65.8,95.4,8,2.5,1,0,7.5,6.2,2,Under 15 min,Yes,Private,69
65.0,85.8,10,3.4,5,2,7.3,2.1,0,15-30 min,Yes,Public,68
54.5,91.9,6,2.6,3,0,7.9,1.0,2,30-60 min,Yes,Public,60
71.2,84.3,10,3.5,5,0,6.4,4.1,2,30-60 min,Yes,Private,83
72.0,68.3,7,3.2,2,0,7.7,1.8,2,Under 15 min,No,Public,70
87.7,96.5,9,6.0,4,1,5.5,2.2,4,15-30 min,Yes,Private,89
71.5,90.2,9,3.0,2,0,6.8,4.7,1,30-60 min,Yes,Public,73
58.0,72.3,7,3.4,4,3,8.5,2.5,3,15-30 min,Yes,Public,53
58.9,97.2,6,4.8,3,0,8.0,3.8,1,Under 15 min,Yes,Public,73
93.5,98.1,10,1.3,2,2,6.3,2.1,2,Under 15 min,Yes,Public,76
65.3,96.8,6,4.3,3,4,8.7,6.4,1,15-30 min,Yes,Public,58
77.8,88.3,9,7.5,4,0,7.7,3.9,3,15-30 min,Yes,Public,88
53.6,74.8,8,2.7,4,0,7.9,1.5,5,15-30 min,Yes,Public,61
56.3,88.9,8,9.9,4,2,9.7,3.1,3,Under 15 min,Yes,Public,68
70.4,79.1,8,6.2,5,0,7.6,5.1,4,Under 15 min,Yes,Private,80
81.4,98.5,9,3.7,2,3,7.8,5.4,2,Under 15 min,Yes,Public,72
78.3,85.9,7,1.7,2,0,6.7,7.8,1,30-60 min,Yes,Public,67
69.8,75.4,8,2.9,2,0,5.7,2.9,1,Under 15 min,Yes,Public,66
64.3,99.7,7,1.7,1,0,7.0,4.3,3,Over 60 min,Yes,Public,64
83.3,87.8,9,3.9,5,0,8.8,2.6,3,Under 15 min,Yes,Private,86
85.8,95.1,8,7.8,3,3,6.9,6.4,3,15-30 min,Yes,Public,76
61.9,82.9,7,4.5,3,2,8.5,2.7,0,Under 15 min,Yes,Public,57
89.7,86.6,9,10.0,1,0,5.3,1.8,3,Under 15 min,Yes,Private,91
74.6,78.2,8,1.7,2,0,8.8,9.5,1,30-60 min,Yes,Public,67
61.4,84.1,9,8.7,5,0,7.4,1.2,2,15-30 min,No,Public,74
49.4,80.6,8,6.0,4,0,6.7,1.9,2,Under 15 min,Yes,Public,70
61.5,91.3,8,5.2,4,0,7.6,1.9,3,Under 15 min,Yes,Public,74
58.4,88.8,7,8.3,4,0,6.9,5.2,1,15-30 min,No,Private,77
65.2,92.6,9,7.1,3,3,5.2,4.6,2,15-30 min,Yes,Public,66
85.4,87.3,10,2.2,1,0,6.5,1.0,1,15-30 min,Yes,Public,80
71.9,99.3,6,2.4,3,0,7.5,4.0,1,Under 15 min,Yes,Public,74
61.4,75.0,6,4.8,4,0,7.5,3.4,2,15-30 min,Yes,Public,68
67.9,97.3,8,6.4,5,1,8.1,1.4,1,15-30 min,Yes,Private,84
64.2,83.7,9,1.8,1,1,5.8,2.3,3,30-60 min,Yes,Public,61
75.4,91.8,9,4.2,2,0,5.7,2.9,4,Under 15 min,Yes,Public,74
57.1,97.6,7,3.7,4,3,5.7,5.7,4,15-30 min,Yes,Public,55
97.3,90.0,8,1.2,4,0,8.1,5.2,2,Over 60 min,Yes,Public,82
85.6,91.1,9,3.3,4,1,7.8,2.7,3,Over 60 min,Yes,Public,77
61.7,92.6,8,5.3,3,0,7.6,1.0,2,15-30 min,Yes,Private,76
86.5,75.7,9,2.7,4,4,7.7,7.5,3,30-60 min,No,Public,55
90.6,90.2,8,3.8,4,0,5.9,1.0,2,15-30 min,No,Public,86
85.3,90.2,10,5.1,4,2,5.9,1.0,3,Under 15 min,Yes,Public,76
70.4,87.6,9,5.6,1,0,5.9,1.0,1,Under 15 min,Yes,Private,79
68.9,90.1,7,5.4,5,0,7.4,4.0,2,Under 15 min,Yes,Public,81
63.9,89.0,7,3.3,3,5,6.7,5.3,2,Under 15 min,Yes,Public,45
